id,first_name,last_name,dob
1,Carny,Salerg,1991-04-30
2,Amble,Yegorchenkov,2004-05-05
3,Abbey,Farny,1995-11-13
4,Hollis,Cranny,2009-09-23
5,Carlo,Kinge,2002-07-27
6,Edan,Brimilcombe,2000-09-03
7,Winonah,Ditch,2007-11-09
8,Clive,Hinzer,2005-11-19
9,Bria,McKague,2013-12-09
10,Reginauld,Thomazet,2014-01-18
11,Abran,Donhardt,1990-11-16
12,Frants,Costley,1995-12-13
13,Rubin,Giriardelli,2005-06-09
14,Silvester,MacCaughey,2017-06-19
15,Dermot,Jahnisch,2012-03-26
16,Odette,Sudworth,2014-12-10
17,Lynea,Tinman,2001-05-05
18,Ansell,Hallitt,2015-12-06
19,Caitrin,Divina,2010-06-20
20,Pippo,Howles,2007-05-22
21,Rachelle,Johnston,2010-08-12
22,Trisha,Sperski,2010-03-01
23,Viviana,Creeboe,2012-02-11
24,Gawain,Glanister,2008-07-08
25,Nickie,Strut,1998-11-14
26,Clemmie,Castrillo,2017-01-03
27,Huntlee,Hulstrom,1992-05-14
28,Ryann,Vedeneev,2014-01-23
29,Ly,Guidera,2020-03-09
30,Percival,Posselow,2018-08-27
31,Spenser,Durnford,2021-11-23
32,Jacenta,MacVanamy,2011-03-12
33,Friederike,Lippiett,2008-04-08
34,Kelsi,Overel,2019-07-21
35,Ki,Nolleth,2017-10-28
36,Nanni,Fettes,1996-05-16
37,Lyndell,Le Moucheux,2021-01-04
38,Zita,Pinnion,2010-08-01
39,Donavon,Halton,2003-02-07
40,Gerome,Korting,1992-09-18
41,Clarke,LaBastida,1992-04-29
42,Margaret,Caroline,1992-08-30
43,Kenton,MacCathay,1995-02-22
44,Byrann,Piscopo,2005-11-21
45,Mathias,Clampe,1998-03-21
46,Gabey,Eickhoff,2016-03-18
47,Brit,Mabe,1997-02-19
48,Weylin,Crook,2012-07-30
49,Courtnay,Tolchar,2007-02-07
50,Mel,De Angelo,1994-10-31
51,Gertrudis,Kerkham,2022-04-20
52,Steffane,Haythorne,2009-01-05
53,Belinda,Ince,2021-05-25
54,Shela,Crenshaw,2019-11-04
55,Sid,Faier,2022-04-28
56,Felita,Calvert,2016-09-13
57,Gerald,Dacre,2012-03-06
58,Thadeus,Hayball,2013-03-18
59,Joseph,Sterricker,2012-04-21
60,Trevor,Ledekker,2010-11-01
61,Sue,Hinckes,2000-05-29
62,Fanya,Coad,1994-08-24
63,Gennie,Smartman,1994-03-31
64,Bettina,Valler,2004-04-12
65,Dayna,Itzak,2016-03-13
66,Kassandra,Arkin,1999-07-12
67,Wilden,Hetterich,2008-05-03
68,Joye,Nation,1996-02-17
69,Brig,Inkle,2018-03-25
70,Sansone,Sneden,2014-02-10
71,Orren,Spelman,2019-03-26
72,Corrina,Geale,1993-12-25
73,Bari,Giorgini,2009-07-28
74,Tory,Roisen,2016-05-25
75,Kellyann,Mowsley,2012-03-03
76,Idelle,Fitzmaurice,2014-05-25
77,Brent,MacColl,2009-01-03
78,Malynda,Stansall,2019-05-18
79,Abe,Narey,2023-05-27
80,Gun,Halley,2013-01-18
81,Wendell,Whibley,2008-10-30
82,Melodie,Megarrell,2014-09-30
83,Ginger,Hards,2005-09-28
84,Willdon,Menendes,2004-02-12
85,Anthia,Von Gladbach,2023-08-22
86,Janela,Loch,2016-01-16
87,Rees,Binfield,1993-12-16
88,Terrence,Bissiker,2009-10-13
89,Hi,Dyte,2005-09-07
90,Reeba,Yardley,2005-02-28
91,Angelique,Mumby,1994-06-18
92,Efrem,Saffle,2002-08-05
93,Madeline,Willmett,2012-09-15
94,Georgy,Brisbane,2009-12-20
95,Morissa,Beardsall,1997-10-26
96,Arron,Botcherby,2017-04-03
97,Ericka,Busswell,1996-01-10
98,Horten,Morales,2019-03-01
99,Farrel,Nightingale,2000-02-13
100,Amberly,Creed,2004-04-16
